A,B,C,D,E,F,G,H
low,med,95,x,2,med,med,high
med,big,50,i,2,small,low,med
low,med,39,e,2,med,med,high
high,med,49,v,2,med,med,high
high,med,93,q,4,med,med,high
v-high,med,4,l,6+,med,med,high
med,small,98,q,4,big,high,med
v-high,small,76,g,3,big,v-high,low
high,big,17,v,5,small,low,med
v-high,small,52,r,2,big,high,med
high,big,85,g,5,small,low,med
high,med,81,o,6+,med,med,high
med,small,98,m,2,big,high,med
med,med,94,k,6+,med,med,high
v-high,big,28,s,2,small,low,med
low,small,75,e,5,big,v-high,low
v-high,small,60,n,4,big,high,med
v-high,med,56,t,4,med,med,high
low,med,91,e,6+,med,med,high
v-high,small,24,f,4,big,high,med
med,med,66,p,2,med,med,high
med,small,82,c,6+,big,v-high,low
high,big,41,j,6+,small,low,med
med,small,82,x,3,big,high,med
low,med,63,h,4,med,med,high
low,small,43,g,4,big,v-high,low
v-high,big,24,h,5,small,low,med
high,small,41,g,6+,big,v-high,low
med,small,86,e,5,big,high,med
low,small,47,h,6+,big,v-high,low
med,med,6,t,4,med,med,high
med,big,62,f,6+,small,low,med
low,small,71,r,5,big,v-high,low
med,med,94,b,4,med,med,high
high,med,97,o,6+,med,med,high
high,med,25,d,5,med,med,high
med,med,30,f,4,med,med,high
low,med,19,r,2,med,med,high
high,small,49,w,5,big,v-high,low
v-high,small,84,h,5,big,high,med
low,small,35,x,6+,big,high,med
low,big,23,n,5,small,low,med
high,med,81,s,6+,med,med,high
low,small,27,o,6+,big,high,med
low,med,35,r,4,med,med,high
low,big,47,o,3,small,low,med
v-high,big,52,m,5,small,low,med
high,small,61,t,6+,big,high,med
low,small,39,l,2,big,high,med
low,big,47,l,4,small,low,med
v-high,small,72,y,2,big,high,med
v-high,big,68,q,5,small,low,med
v-high,big,16,k,4,small,low,med
v-high,big,0,b,4,small,low,med
v-high,big,64,f,2,small,low,med
high,big,25,t,6+,small,low,med
v-high,small,36,g,3,big,high,med
v-high,med,92,m,2,med,med,high
low,small,43,w,6+,big,v-high,low
low,small,3,n,4,big,v-high,low
med,big,26,l,5,small,low,med
high,small,65,j,5,big,high,med
v-high,small,72,i,4,big,v-high,low
med,small,86,p,5,big,high,med
low,small,31,t,4,big,v-high,low
med,med,74,z,5,med,med,high
low,small,7,a,6+,big,high,med
low,med,43,k,4,med,med,high
low,big,47,s,2,small,low,med
v-high,small,88,g,6+,big,high,med
low,small,47,c,6+,big,high,med
high,small,9,n,4,big,v-high,low
med,med,30,x,6+,med,med,high
high,big,97,c,3,small,low,med
low,med,27,z,2,med,med,high
high,small,93,y,3,big,v-high,low
low,small,91,k,6+,big,high,med
low,big,43,c,3,small,low,med
low,small,47,e,4,big,high,med
high,small,81,q,5,big,v-high,low
v-high,med,0,q,4,med,med,high
low,med,23,m,5,med,med,high
high,med,69,b,6+,med,med,high
med,big,10,z,2,small,low,med
med,med,30,t,4,med,med,high
high,small,89,s,6+,big,high,med
high,big,97,g,3,small,low,med
v-high,small,40,h,3,big,v-high,low
high,big,49,d,3,small,low,med
low,big,51,p,6+,small,low,med
high,big,41,f,5,small,low,med
low,small,71,n,2,big,high,med
med,small,38,l,6+,big,high,med
med,small,78,n,2,big,high,med
high,med,37,b,3,med,med,high
low,small,35,u,4,big,v-high,low
med,small,42,h,2,big,v-high,low
med,big,18,p,4,small,low,med
v-high,small,76,u,3,big,high,med
high,med,41,e,5,med,med,high
v-high,big,20,s,5,small,low,med
med,med,54,o,6+,med,med,high
high,med,65,k,6+,med,med,high
high,med,37,n,4,med,med,high
low,small,3,z,3,big,v-high,low
low,small,47,n,5,big,high,med
med,big,30,q,4,small,low,med
low,small,87,h,2,big,high,med
high,small,53,i,5,big,high,med
high,med,65,d,3,med,med,high
high,small,57,v,5,big,v-high,low
med,small,26,u,3,big,v-high,low
high,small,97,a,2,big,v-high,low
v-high,small,56,i,2,big,high,med
low,big,27,j,5,small,low,med
med,small,22,q,5,big,v-high,low
med,big,38,w,3,small,low,med
med,med,46,b,2,med,med,high
high,big,61,q,2,small,low,med
v-high,big,32,i,5,small,low,med
v-high,med,4,w,3,med,med,high
v-high,small,44,u,4,big,v-high,low
med,small,30,d,4,big,high,med
v-high,big,8,t,6+,small,low,med
low,big,39,w,3,small,low,med
v-high,small,4,y,2,big,v-high,low
v-high,small,88,r,3,big,v-high,low
v-high,small,56,b,6+,big,high,med
low,small,71,j,2,big,v-high,low
high,med,21,g,5,med,med,high
low,small,55,d,6+,big,v-high,low
med,med,38,r,3,med,med,high
low,big,83,r,2,small,low,med
v-high,small,68,y,6+,big,v-high,low
low,small,27,f,6+,big,v-high,low
high,small,5,d,6+,big,high,med
v-high,small,72,j,5,big,high,med
v-high,small,80,o,5,big,v-high,low
low,small,39,k,3,big,v-high,low
med,small,86,z,3,big,high,med
v-high,big,84,n,6+,small,low,med
v-high,big,8,v,5,small,low,med
v-high,big,4,p,5,small,low,med
med,small,78,g,4,big,high,med
med,med,30,o,6+,med,med,high
low,small,95,q,4,big,v-high,low
high,small,61,y,2,big,high,med
high,small,65,h,3,big,high,med
high,med,29,v,2,med,med,high
med,med,10,n,4,med,med,high
low,big,87,c,6+,small,low,med
med,small,46,d,5,big,v-high,low
v-high,med,0,m,4,med,med,high
v-high,med,48,v,6+,med,med,high
v-high,big,64,t,2,small,low,med
v-high,small,16,f,6+,big,high,med
v-high,big,96,f,3,small,low,med
med,big,2,q,3,small,low,med
low,small,95,h,2,big,high,med
high,med,25,z,4,med,med,high
med,small,22,u,2,big,v-high,low
high,med,5,s,3,med,med,high
v-high,small,52,u,6+,big,high,med
v-high,med,4,z,6+,med,med,high
low,med,23,s,4,med,med,high
med,med,70,v,6+,med,med,high
high,small,45,c,2,big,v-high,low
low,small,15,r,5,big,high,med
low,med,51,x,6+,med,med,high
med,small,10,w,3,big,high,med
v-high,small,12,b,4,big,v-high,low
v-high,small,48,d,6+,big,high,med
low,small,67,p,3,big,v-high,low
med,big,50,t,3,small,low,med
v-high,small,16,z,4,big,v-high,low
v-high,big,92,x,3,small,low,med
low,big,19,t,2,small,low,med
v-high,med,48,r,2,med,med,high
high,big,49,o,5,small,low,med
med,med,78,q,4,med,med,high
med,small,66,t,5,big,v-high,low
low,med,83,x,6+,med,med,high
med,small,26,t,5,big,high,med
high,small,53,z,4,big,v-high,low
low,med,71,e,3,med,med,high
v-high,small,44,p,5,big,high,med
med,small,98,o,2,big,v-high,low
low,small,31,h,2,big,v-high,low
med,small,10,v,2,big,v-high,low
high,small,57,g,4,big,v-high,low
v-high,big,76,j,6+,small,low,med
med,small,2,i,2,big,high,med
med,med,66,n,4,med,med,high
low,big,31,v,5,small,low,med
high,small,21,z,4,big,high,med
v-high,big,24,z,4,small,low,med
v-high,small,88,k,3,big,v-high,low
low,small,31,e,6+,big,v-high,low
med,med,30,s,4,med,med,high
high,med,29,t,3,med,med,high
med,small,90,c,2,big,high,med
v-high,big,80,e,6+,small,low,med
v-high,small,72,z,3,big,v-high,low
med,big,94,c,4,small,low,med
low,med,59,a,5,med,med,high
med,med,58,b,3,med,med,high
high,small,5,q,5,big,v-high,low
med,small,18,i,2,big,v-high,low
med,small,74,s,5,big,high,med
med,med,10,g,3,med,med,high
v-high,small,80,n,6+,big,high,med
low,big,91,o,2,small,low,med
v-high,small,88,t,3,big,high,med
low,small,55,v,5,big,v-high,low
low,big,7,c,4,small,low,med
high,med,41,z,6+,med,med,high
low,small,19,c,2,big,high,med
med,big,38,f,3,small,low,med
high,small,61,w,2,big,high,med
v-high,med,80,x,4,med,med,high
med,small,42,k,3,big,high,med
high,small,57,h,5,big,high,med
med,big,38,s,5,small,low,med
med,small,58,k,6+,big,high,med
v-high,med,44,g,3,med,med,high
high,small,25,p,3,big,v-high,low
med,med,90,f,4,med,med,high
high,big,77,v,5,small,low,med
high,small,73,e,5,big,high,med
low,big,3,m,4,small,low,med
med,small,30,h,2,big,v-high,low
med,small,94,e,2,big,high,med
med,small,30,c,5,big,v-high,low
med,big,74,t,2,small,low,med
high,small,97,j,5,big,high,med
low,small,43,l,6+,big,v-high,low
med,small,14,k,3,big,high,med
low,med,59,m,4,med,med,high
med,small,38,z,2,big,high,med
med,small,66,a,5,big,v-high,low
v-high,small,68,p,3,big,high,med
high,med,49,l,4,med,med,high
v-high,small,4,h,4,big,high,med
v-high,med,60,z,3,med,med,high
high,big,69,w,2,small,low,med
low,med,23,w,3,med,med,high
med,med,34,l,5,med,med,high
v-high,small,56,d,5,big,v-high,low
high,big,77,y,3,small,low,med
high,big,81,c,6+,small,low,med
low,small,39,m,2,big,v-high,low
v-high,small,12,j,5,big,high,med
low,small,63,u,6+,big,high,med
med,small,46,l,4,big,high,med
v-high,small,20,c,6+,big,high,med
v-high,big,28,c,4,small,low,med
med,small,98,d,6+,big,v-high,low
v-high,big,0,f,4,small,low,med
low,med,87,q,4,med,med,high
low,small,27,g,2,big,v-high,low
low,small,39,q,5,big,v-high,low
med,small,66,j,4,big,v-high,low
v-high,small,96,t,4,big,high,med
med,med,78,d,4,med,med,high
med,big,66,w,5,small,low,med
high,small,69,o,4,big,high,med
high,big,25,v,4,small,low,med
med,big,82,k,5,small,low,med
v-high,big,84,a,4,small,low,med
low,med,59,v,3,med,med,high
med,small,70,s,5,big,v-high,low
med,small,2,a,4,big,high,med
v-high,med,32,b,2,med,med,high
low,small,75,k,3,big,high,med
med,big,6,j,6+,small,low,med
v-high,small,92,b,2,big,high,med
low,big,23,u,6+,small,low,med
low,small,91,u,6+,big,v-high,low
high,big,41,m,5,small,low,med
med,big,34,u,6+,small,low,med
low,small,43,i,3,big,v-high,low
v-high,small,44,i,5,big,v-high,low
med,big,66,e,4,small,low,med
v-high,big,40,q,6+,small,low,med
low,small,11,d,5,big,high,med
v-high,med,0,a,5,med,med,high
med,big,50,k,6+,small,low,med
med,med,58,x,3,med,med,high
high,small,85,d,2,big,high,med
low,med,11,j,5,med,med,high
v-high,big,20,t,6+,small,low,med
high,med,5,k,3,med,med,high
low,big,87,y,2,small,low,med
v-high,small,64,u,4,big,v-high,low
low,big,23,e,3,small,low,med
low,small,31,d,2,big,v-high,low
v-high,big,4,g,2,small,low,med
low,big,59,t,6+,small,low,med
high,small,85,b,5,big,high,med
low,big,51,f,5,small,low,med
high,small,49,x,6+,big,v-high,low
v-high,small,64,c,5,big,v-high,low
med,med,10,c,2,med,med,high
med,med,70,u,5,med,med,high
v-high,big,36,j,6+,small,low,med
low,small,47,d,4,big,high,med
med,small,46,g,4,big,v-high,low
low,big,79,t,2,small,low,med
med,med,78,x,5,med,med,high
med,med,34,w,2,med,med,high
med,small,14,a,5,big,high,med
high,med,45,t,3,med,med,high
med,med,62,o,3,med,med,high
med,med,50,j,6+,med,med,high
high,big,5,m,2,small,low,med
med,small,98,b,6+,big,high,med
v-high,big,92,q,3,small,low,med
med,big,78,e,4,small,low,med
v-high,small,88,l,3,big,v-high,low
high,small,45,w,6+,big,high,med
low,big,79,d,2,small,low,med
med,big,74,a,3,small,low,med
high,med,37,s,6+,med,med,high
med,small,86,g,6+,big,high,med
v-high,med,28,m,5,med,med,high
low,med,87,e,6+,med,med,high
low,small,7,w,5,big,v-high,low
v-high,big,56,e,4,small,low,med
low,small,35,d,2,big,high,med
low,small,7,q,6+,big,high,med
v-high,small,48,t,5,big,high,med
high,big,49,g,3,small,low,med
low,med,31,s,5,med,med,high
med,big,86,t,6+,small,low,med
med,small,82,b,5,big,v-high,low
med,med,50,w,3,med,med,high
v-high,small,12,q,4,big,v-high,low
v-high,small,68,e,3,big,v-high,low
v-high,med,4,t,2,med,med,high
high,med,17,i,4,med,med,high
high,big,65,r,4,small,low,med
low,small,75,h,6+,big,v-high,low
v-high,small,76,z,2,big,high,med
high,big,33,m,2,small,low,med
high,big,37,p,3,small,low,med
low,small,91,p,4,big,high,med
med,small,98,j,4,big,high,med
med,big,50,d,4,small,low,med
v-high,med,20,q,2,med,med,high
med,big,70,w,4,small,low,med
low,big,95,v,4,small,low,med
v-high,big,0,n,4,small,low,med
med,big,74,h,5,small,low,med
high,small,13,y,2,big,v-high,low
low,big,39,j,2,small,low,med
low,med,19,n,4,med,med,high
v-high,big,36,e,4,small,low,med
v-high,small,88,m,3,big,high,med
low,small,75,c,4,big,high,med
high,small,45,d,4,big,high,med
high,big,97,x,5,small,low,med
v-high,big,0,g,2,small,low,med
high,small,81,b,5,big,high,med
med,med,10,u,5,med,med,high
high,small,77,e,5,big,high,med
med,small,58,g,4,big,v-high,low
high,small,85,z,2,big,v-high,low
high,small,69,x,4,big,v-high,low
low,big,95,w,6+,small,low,med
high,med,13,e,4,med,med,high
low,big,15,q,3,small,low,med
med,big,78,k,2,small,low,med
low,big,75,y,6+,small,low,med
v-high,small,88,o,6+,big,high,med
high,small,77,h,5,big,v-high,low
low,small,7,i,6+,big,v-high,low
v-high,small,16,q,5,big,high,med
v-high,small,8,h,5,big,v-high,low
low,small,7,b,6+,big,v-high,low
low,med,87,u,2,med,med,high
med,small,46,j,2,big,high,med
v-high,big,60,p,3,small,low,med
low,med,11,c,5,med,med,high
high,big,69,n,4,small,low,med
med,big,30,n,6+,small,low,med
low,small,79,j,3,big,high,med
med,small,18,n,6+,big,v-high,low
high,small,49,y,5,big,v-high,low
med,small,18,v,3,big,high,med
med,small,78,c,4,big,high,med
v-high,small,92,r,6+,big,high,med
med,med,62,k,4,med,med,high
low,med,51,v,2,med,med,high
med,small,34,e,4,big,high,med
high,small,65,z,6+,big,v-high,low
v-high,small,32,w,6+,big,high,med
v-high,med,12,x,2,med,med,high
med,big,94,j,3,small,low,med
low,med,51,n,5,med,med,high
med,big,94,a,2,small,low,med
v-high,big,24,i,6+,small,low,med
med,med,46,o,6+,med,med,high
high,small,97,q,2,big,high,med
v-high,small,4,d,4,big,v-high,low
low,med,19,h,6+,med,med,high
high,med,93,b,5,med,med,high
med,big,82,u,2,small,low,med
med,big,30,a,3,small,low,med
med,med,78,h,4,med,med,high
v-high,big,60,r,3,small,low,med
v-high,small,76,w,6+,big,v-high,low
med,med,86,l,5,med,med,high
low,med,27,d,4,med,med,high
low,small,95,g,3,big,high,med
v-high,med,88,i,3,med,med,high
low,med,67,e,2,med,med,high
low,big,39,i,2,small,low,med
v-high,big,68,u,3,small,low,med
v-high,small,20,o,6+,big,v-high,low
high,small,9,r,2,big,high,med
v-high,small,80,d,2,big,v-high,low
high,big,81,a,6+,small,low,med
med,med,2,b,4,med,med,high
med,big,10,k,4,small,low,med
high,med,21,k,3,med,med,high
med,small,50,m,5,big,high,med
low,small,87,k,4,big,high,med
v-high,med,64,j,3,med,med,high
v-high,big,84,q,4,small,low,med
v-high,small,72,v,6+,big,v-high,low
high,big,85,q,6+,small,low,med
med,small,22,e,5,big,high,med
med,big,14,e,5,small,low,med
med,med,58,z,5,med,med,high
high,small,1,m,6+,big,v-high,low
v-high,small,80,t,4,big,high,med
high,med,81,h,5,med,med,high
high,small,37,i,4,big,v-high,low
low,small,23,r,6+,big,v-high,low
v-high,small,24,p,2,big,v-high,low
low,big,83,p,6+,small,low,med
med,small,94,g,3,big,v-high,low
low,med,43,d,6+,med,med,high
med,small,42,z,2,big,v-high,low
high,small,45,g,3,big,v-high,low
med,big,94,l,4,small,low,med
low,big,11,w,4,small,low,med
high,big,1,f,6+,small,low,med
v-high,big,32,d,3,small,low,med
low,big,75,x,4,small,low,med
v-high,med,52,q,4,med,med,high
low,med,31,o,2,med,med,high
high,big,9,b,2,small,low,med
low,big,31,z,5,small,low,med
med,med,42,v,2,med,med,high
med,small,78,r,5,big,high,med
low,big,59,r,3,small,low,med
low,big,55,x,2,small,low,med
med,big,30,v,3,small,low,med
high,big,9,h,5,small,low,med
med,small,82,p,3,big,high,med
high,small,45,r,6+,big,high,med
med,big,78,f,3,small,low,med
high,small,25,g,4,big,v-high,low
high,small,49,e,6+,big,v-high,low
med,small,70,p,5,big,high,med
v-high,med,64,m,2,med,med,high
high,small,21,v,6+,big,v-high,low
med,small,38,i,2,big,high,med
v-high,big,80,z,2,small,low,med
high,big,49,s,2,small,low,med
low,big,67,l,3,small,low,med
high,small,25,h,3,big,v-high,low
high,small,37,g,5,big,v-high,low
low,small,87,g,6+,big,high,med
low,small,55,b,6+,big,v-high,low
high,small,45,y,6+,big,high,med
v-high,big,80,q,6+,small,low,med
high,small,85,o,5,big,v-high,low
low,big,7,g,2,small,low,med
med,small,94,p,5,big,high,med
v-high,med,52,g,5,med,med,high
v-high,small,60,v,2,big,v-high,low
low,small,91,d,4,big,v-high,low
high,small,97,z,4,big,v-high,low
v-high,big,24,v,5,small,low,med
high,med,85,v,5,med,med,high
high,small,29,z,4,big,high,med
low,med,15,p,6+,med,med,high
v-high,med,64,d,3,med,med,high
low,small,63,v,5,big,high,med
high,big,17,l,4,small,low,med
low,small,7,t,4,big,v-high,low
med,small,86,q,4,big,high,med
med,big,38,g,3,small,low,med
v-high,med,36,r,2,med,med,high
v-high,med,20,f,2,med,med,high
high,med,85,u,3,med,med,high
v-high,small,76,n,2,big,high,med
med,small,90,o,6+,big,v-high,low
high,med,57,x,5,med,med,high
v-high,big,48,s,6+,small,low,med
med,small,14,b,6+,big,high,med
low,med,95,y,4,med,med,high
high,med,21,h,3,med,med,high
v-high,med,8,z,2,med,med,high
high,big,53,j,6+,small,low,med
low,med,51,r,5,med,med,high
high,med,85,h,3,med,med,high
high,small,9,e,2,big,high,med
med,small,22,g,5,big,high,med
low,med,3,h,6+,med,med,high
high,big,33,p,4,small,low,med
low,small,3,c,6+,big,v-high,low
v-high,small,4,m,4,big,v-high,low
med,small,2,c,4,big,v-high,low
v-high,med,48,p,5,med,med,high
high,med,81,g,6+,med,med,high
med,small,50,o,6+,big,v-high,low
high,med,29,h,3,med,med,high
med,big,10,m,6+,small,low,med
low,small,67,v,2,big,high,med
low,big,63,l,3,small,low,med
v-high,big,56,k,2,small,low,med
high,med,37,v,4,med,med,high
high,small,9,p,3,big,v-high,low
med,small,34,b,5,big,high,med
high,small,77,g,6+,big,v-high,low
low,small,91,l,3,big,high,med
high,big,53,v,6+,small,low,med
v-high,small,72,l,2,big,high,med
low,med,51,q,4,med,med,high
med,big,54,b,4,small,low,med
low,small,47,z,3,big,v-high,low
med,med,74,d,2,med,med,high
v-high,med,20,r,3,med,med,high
med,med,50,z,5,med,med,high
low,med,95,r,2,med,med,high
high,big,21,u,5,small,low,med
med,small,14,r,2,big,v-high,low
low,big,47,b,6+,small,low,med
med,small,78,m,2,big,v-high,low
med,small,18,h,3,big,high,med
low,small,59,u,3,big,v-high,low
high,big,21,p,6+,small,low,med
high,small,73,r,4,big,v-high,low
low,big,11,y,6+,small,low,med
v-high,small,84,d,2,big,high,med
high,small,25,l,5,big,v-high,low
low,med,27,c,3,med,med,high
med,big,78,l,6+,small,low,med
v-high,med,96,w,4,med,med,high
med,small,62,h,3,big,v-high,low
low,small,19,u,3,big,v-high,low
low,med,15,g,6+,med,med,high
v-high,small,96,a,4,big,v-high,low
low,small,79,i,6+,big,high,med
high,med,89,u,6+,med,med,high
med,small,82,w,4,big,high,med
v-high,small,16,r,6+,big,high,med
med,small,22,y,5,big,high,med
low,big,87,a,6+,small,low,med
med,small,90,p,4,big,v-high,low
v-high,med,68,r,2,med,med,high
med,small,30,e,3,big,v-high,low
low,small,23,v,3,big,high,med
med,big,38,d,3,small,low,med
med,med,42,c,6+,med,med,high
low,big,55,w,4,small,low,med
v-high,med,32,r,5,med,med,high
low,big,71,z,5,small,low,med
low,small,75,g,6+,big,v-high,low
high,med,81,r,4,med,med,high
low,small,55,z,6+,big,high,med
v-high,big,60,k,2,small,low,med
v-high,small,84,z,4,big,high,med
v-high,big,0,c,5,small,low,med
med,small,10,e,3,big,v-high,low
low,small,67,c,6+,big,v-high,low
high,med,25,r,2,med,med,high
v-high,small,84,b,4,big,high,med
low,big,27,v,6+,small,low,med
v-high,med,80,l,3,med,med,high
high,small,49,z,2,big,v-high,low
high,small,41,c,5,big,high,med
high,med,61,x,4,med,med,high
med,big,58,m,4,small,low,med
v-high,small,32,o,4,big,high,med
med,med,54,k,5,med,med,high
low,med,35,i,4,med,med,high
v-high,big,12,o,3,small,low,med
med,small,90,s,3,big,high,med
low,big,63,x,6+,small,low,med
high,small,73,m,4,big,high,med
high,small,69,q,6+,big,v-high,low
med,med,70,y,4,med,med,high
low,small,47,m,3,big,high,med
low,big,51,c,6+,small,low,med
med,small,26,q,2,big,v-high,low
high,med,93,m,2,med,med,high
low,small,11,k,2,big,v-high,low
low,med,83,q,6+,med,med,high
high,med,81,t,5,med,med,high
high,small,41,w,6+,big,high,med
v-high,med,52,w,6+,med,med,high
low,big,67,x,2,small,low,med
med,big,14,s,4,small,low,med
med,med,78,a,6+,med,med,high
low,big,35,p,6+,small,low,med
med,small,2,r,6+,big,v-high,low
med,med,14,f,2,med,med,high
med,med,30,l,2,med,med,high
v-high,big,76,m,4,small,low,med
med,big,30,y,2,small,low,med
med,big,42,i,5,small,low,med
med,med,98,k,6+,med,med,high
v-high,small,0,s,5,big,v-high,low
low,med,71,h,3,med,med,high
high,small,69,p,2,big,high,med
high,big,73,a,5,small,low,med
high,small,49,r,6+,big,high,med
low,med,35,q,2,med,med,high
v-high,med,12,s,4,med,med,high
med,med,14,v,5,med,med,high
low,small,35,c,5,big,high,med
med,small,94,v,3,big,high,med
high,big,69,g,6+,small,low,med
med,big,94,f,3,small,low,med
med,big,30,g,6+,small,low,med
low,small,15,u,4,big,v-high,low
med,med,78,y,2,med,med,high
high,big,89,k,5,small,low,med
high,small,1,t,4,big,v-high,low
v-high,med,64,l,5,med,med,high
v-high,med,56,x,5,med,med,high
high,small,97,i,5,big,high,med
high,med,41,y,2,med,med,high
v-high,small,48,k,6+,big,v-high,low
low,small,79,o,5,big,high,med
low,med,11,u,4,med,med,high
v-high,big,36,n,3,small,low,med
med,big,58,l,2,small,low,med
high,big,29,u,2,small,low,med
med,big,90,q,6+,small,low,med
high,small,81,p,2,big,high,med
v-high,med,80,y,6+,med,med,high
v-high,big,80,f,2,small,low,med
low,small,31,c,4,big,high,med
high,small,9,z,6+,big,v-high,low
low,small,63,k,6+,big,high,med
med,small,54,e,4,big,v-high,low
low,small,75,l,6+,big,v-high,low
med,med,74,p,2,med,med,high
high,big,45,k,5,small,low,med
v-high,big,0,r,6+,small,low,med
med,big,70,i,4,small,low,med
low,small,27,b,6+,big,v-high,low
med,small,6,b,6+,big,high,med
med,small,2,g,2,big,high,med
low,big,3,b,3,small,low,med
med,small,54,c,3,big,high,med
med,small,62,e,2,big,high,med
low,med,95,o,6+,med,med,high
v-high,big,32,p,2,small,low,med
med,small,54,l,4,big,high,med
low,small,39,g,3,big,v-high,low
v-high,med,24,l,6+,med,med,high
v-high,big,92,z,6+,small,low,med
low,small,19,f,4,big,high,med
med,med,90,h,6+,med,med,high
high,med,61,e,4,med,med,high
high,big,61,i,3,small,low,med
high,small,17,x,4,big,high,med
v-high,small,40,z,2,big,v-high,low
med,small,66,b,2,big,v-high,low
high,med,33,a,6+,med,med,high
high,small,9,c,6+,big,high,med
low,big,63,s,4,small,low,med
v-high,med,32,x,2,med,med,high
med,small,62,m,4,big,v-high,low
v-high,big,16,y,4,small,low,med
high,small,17,k,5,big,v-high,low
low,small,59,j,4,big,high,med
high,small,61,j,4,big,v-high,low
high,small,37,k,4,big,v-high,low
med,big,62,b,2,small,low,med
med,small,54,x,6+,big,v-high,low
high,small,97,v,6+,big,high,med
v-high,med,68,z,2,med,med,high
v-high,med,28,q,5,med,med,high
low,big,23,f,6+,small,low,med
high,small,85,p,6+,big,high,med
low,small,95,k,4,big,high,med
v-high,med,72,w,3,med,med,high
med,big,14,w,5,small,low,med
high,small,17,g,6+,big,high,med
med,big,6,v,4,small,low,med
v-high,big,76,r,6+,small,low,med
low,small,75,t,4,big,high,med
low,med,63,p,5,med,med,high
high,small,29,j,2,big,v-high,low
high,small,89,y,5,big,high,med
v-high,med,88,u,4,med,med,high
low,small,83,b,6+,big,v-high,low
v-high,small,92,n,5,big,high,med
med,med,90,m,4,med,med,high
med,med,10,b,4,med,med,high
v-high,med,48,q,5,med,med,high
v-high,big,24,j,2,small,low,med
med,small,62,y,5,big,high,med
high,big,73,w,3,small,low,med
low,big,39,f,2,small,low,med
med,small,58,w,4,big,high,med
med,med,74,m,3,med,med,high
high,small,33,v,5,big,v-high,low
high,small,45,h,4,big,v-high,low
v-high,small,36,u,2,big,v-high,low
v-high,small,72,r,6+,big,v-high,low
med,small,18,x,6+,big,v-high,low
med,big,46,a,6+,small,low,med
med,small,14,j,5,big,high,med
low,med,59,x,5,med,med,high
v-high,big,56,g,4,small,low,med
med,med,14,o,3,med,med,high
v-high,med,52,j,3,med,med,high
high,small,29,l,5,big,high,med
low,med,7,o,6+,med,med,high
low,med,7,h,2,med,med,high
high,big,29,a,4,small,low,med
high,small,21,y,4,big,v-high,low
high,big,13,l,4,small,low,med
med,med,90,w,3,med,med,high
low,small,67,k,4,big,high,med
v-high,small,52,k,6+,big,high,med
low,big,59,q,5,small,low,med
v-high,med,84,p,3,med,med,high
v-high,med,52,v,3,med,med,high
v-high,small,56,a,3,big,v-high,low
med,small,2,o,4,big,high,med
v-high,small,20,u,4,big,high,med
low,big,91,a,3,small,low,med
high,med,81,f,3,med,med,high
med,small,34,a,4,big,high,med
med,small,90,r,6+,big,v-high,low
med,small,54,r,4,big,high,med
med,small,94,n,3,big,high,med
v-high,small,60,o,4,big,high,med
v-high,big,68,o,6+,small,low,med
high,big,49,c,2,small,low,med
high,big,73,v,3,small,low,med
low,small,71,w,5,big,high,med
med,small,78,b,3,big,v-high,low
high,big,13,q,4,small,low,med
low,small,75,u,2,big,high,med
low,small,71,i,2,big,v-high,low
v-high,small,44,d,4,big,v-high,low
high,small,45,f,2,big,v-high,low
v-high,big,12,r,6+,small,low,med
low,small,7,x,5,big,high,med
v-high,small,44,z,5,big,v-high,low
low,big,43,a,3,small,low,med
low,big,35,z,5,small,low,med
med,small,98,c,5,big,high,med
med,med,10,h,4,med,med,high
low,small,19,q,6+,big,high,med
high,big,73,j,6+,small,low,med
low,small,67,h,6+,big,high,med
v-high,big,16,i,3,small,low,med
med,small,42,d,2,big,high,med
low,small,75,s,2,big,high,med
med,small,6,q,3,big,high,med
low,big,63,b,6+,small,low,med
low,med,59,k,3,med,med,high
v-high,small,80,h,6+,big,high,med
low,big,67,y,4,small,low,med
high,med,5,y,6+,med,med,high
v-high,med,72,c,3,med,med,high
v-high,med,88,a,2,med,med,high
v-high,small,32,y,2,big,v-high,low
med,big,34,q,5,small,low,med
low,small,51,e,4,big,v-high,low
med,small,26,r,3,big,v-high,low
low,small,87,o,5,big,v-high,low
med,small,34,j,5,big,high,med
med,big,34,h,6+,small,low,med
low,med,59,l,6+,med,med,high
med,med,62,d,5,med,med,high
v-high,med,32,u,5,med,med,high
med,small,58,c,2,big,v-high,low
v-high,med,80,w,2,med,med,high
v-high,med,24,m,4,med,med,high
med,small,94,r,4,big,v-high,low
v-high,med,92,l,3,med,med,high
med,med,46,n,5,med,med,high
high,big,33,f,4,small,low,med
low,med,47,i,3,med,med,high
high,small,29,y,6+,big,high,med
v-high,small,56,s,6+,big,v-high,low
med,small,54,g,2,big,high,med
med,med,14,x,2,med,med,high
high,small,89,l,3,big,high,med
med,med,46,r,3,med,med,high
high,med,89,h,2,med,med,high
med,small,50,s,3,big,high,med
v-high,small,32,c,6+,big,high,med
med,small,82,s,4,big,v-high,low
v-high,med,76,b,2,med,med,high
v-high,med,60,h,4,med,med,high
v-high,big,16,m,3,small,low,med
low,big,71,c,5,small,low,med
med,med,22,j,3,med,med,high
med,small,34,d,4,big,v-high,low
v-high,small,48,l,5,big,high,med
med,small,14,t,6+,big,v-high,low
v-high,small,84,f,4,big,v-high,low
high,big,89,a,5,small,low,med
v-high,small,12,e,3,big,v-high,low
v-high,small,8,n,6+,big,high,med
low,big,59,y,5,small,low,med
high,big,93,t,2,small,low,med
med,big,90,k,3,small,low,med
med,big,82,d,6+,small,low,med
high,small,93,u,6+,big,high,med
low,small,63,m,5,big,high,med
low,small,7,e,6+,big,high,med
v-high,small,20,w,6+,big,high,med
med,big,38,n,3,small,low,med
v-high,med,40,w,4,med,med,high
high,small,25,x,5,big,v-high,low
low,med,87,w,6+,med,med,high
low,med,67,q,6+,med,med,high
v-high,med,44,q,4,med,med,high
v-high,big,40,d,3,small,low,med
low,med,83,l,6+,med,med,high
v-high,small,60,g,4,big,v-high,low
high,small,41,l,2,big,high,med
high,small,1,i,5,big,high,med
v-high,small,72,k,3,big,high,med
v-high,med,64,z,6+,med,med,high
high,small,57,a,5,big,v-high,low
high,small,5,z,4,big,v-high,low
low,small,63,n,4,big,v-high,low
v-high,med,12,c,6+,med,med,high
low,small,67,w,2,big,high,med
v-high,small,72,q,4,big,high,med
v-high,small,96,r,5,big,high,med
med,big,38,m,3,small,low,med
low,med,79,e,4,med,med,high
med,small,98,n,4,big,high,med
low,big,23,x,5,small,low,med
med,small,10,f,5,big,high,med
low,med,51,w,5,med,med,high
v-high,med,8,r,3,med,med,high
v-high,big,16,p,2,small,low,med
v-high,big,44,a,3,small,low,med
med,small,6,l,2,big,v-high,low
med,big,26,w,3,small,low,med
med,med,38,a,2,med,med,high
v-high,med,48,y,4,med,med,high
high,med,53,h,5,med,med,high
v-high,med,92,t,2,med,med,high
low,small,3,i,4,big,v-high,low
low,small,31,p,5,big,high,med
high,small,73,q,2,big,v-high,low
med,med,30,j,2,med,med,high
med,small,50,n,3,big,v-high,low
v-high,med,72,o,5,med,med,high
med,small,10,j,3,big,high,med
low,small,27,p,5,big,v-high,low
med,small,38,k,6+,big,high,med
high,small,9,g,4,big,v-high,low
med,med,6,n,6+,med,med,high
high,small,9,y,6+,big,high,med
low,med,71,u,4,med,med,high
low,big,3,j,5,small,low,med
v-high,big,4,n,4,small,low,med
v-high,big,88,z,5,small,low,med
v-high,small,36,i,2,big,v-high,low
med,small,42,r,2,big,v-high,low
med,med,70,b,2,med,med,high
med,big,82,j,5,small,low,med
v-high,med,92,h,2,med,med,high
v-high,big,52,l,3,small,low,med
high,med,73,i,5,med,med,high
med,med,50,a,6+,med,med,high
v-high,big,24,q,6+,small,low,med
low,big,75,q,6+,small,low,med
high,small,69,r,2,big,v-high,low
v-high,med,0,t,3,med,med,high
v-high,big,16,j,4,small,low,med
v-high,small,92,f,2,big,high,med
high,small,57,m,3,big,high,med
low,small,79,k,6+,big,high,med
v-high,small,36,h,5,big,v-high,low
v-high,med,12,k,2,med,med,high
v-high,big,84,v,2,small,low,med
high,small,9,a,6+,big,v-high,low
med,big,86,k,6+,small,low,med
low,med,51,s,6+,med,med,high
med,small,22,w,6+,big,v-high,low
v-high,small,20,x,3,big,high,med
low,big,39,u,4,small,low,med
med,big,46,q,3,small,low,med
high,small,21,j,2,big,high,med
high,med,53,m,5,med,med,high
v-high,small,12,v,5,big,high,med
v-high,small,56,f,5,big,high,med
high,small,53,o,6+,big,high,med
v-high,med,48,c,4,med,med,high
v-high,small,40,j,5,big,v-high,low
med,med,62,x,6+,med,med,high
v-high,small,72,b,2,big,high,med
low,med,79,m,3,med,med,high
med,small,74,k,4,big,v-high,low
low,big,19,d,4,small,low,med
low,med,15,e,5,med,med,high
med,med,50,g,5,med,med,high
med,big,94,o,4,small,low,med
low,small,27,q,4,big,high,med
high,small,33,c,5,big,v-high,low
med,small,74,b,2,big,v-high,low
v-high,small,60,x,2,big,v-high,low
low,big,3,u,5,small,low,med
high,small,21,f,2,big,high,med
low,big,71,b,5,small,low,med
v-high,big,48,b,5,small,low,med
v-high,big,40,l,2,small,low,med
v-high,small,12,a,3,big,high,med
low,med,23,j,6+,med,med,high
low,small,23,p,6+,big,high,med
med,med,66,o,5,med,med,high
low,small,59,h,5,big,high,med
v-high,med,92,u,3,med,med,high
v-high,small,96,p,5,big,high,med
v-high,small,28,n,2,big,v-high,low
med,small,14,q,6+,big,high,med
low,small,79,p,3,big,high,med
low,med,3,y,5,med,med,high
med,small,94,s,3,big,v-high,low
v-high,small,88,c,2,big,v-high,low
med,small,78,i,2,big,v-high,low
high,big,97,p,5,small,low,med
v-high,big,48,i,2,small,low,med
high,big,25,s,3,small,low,med
low,med,43,x,3,med,med,high
high,big,97,n,4,small,low,med
v-high,big,88,x,5,small,low,med
med,big,58,a,6+,small,low,med
high,small,33,q,4,big,v-high,low
high,big,73,s,6+,small,low,med
high,big,9,v,3,small,low,med
v-high,big,16,s,3,small,low,med
v-high,small,80,p,3,big,v-high,low
high,small,73,u,6+,big,v-high,low
v-high,med,96,l,6+,med,med,high
v-high,small,84,e,3,big,v-high,low
med,med,14,z,6+,med,med,high
high,small,89,o,6+,big,high,med
v-high,med,40,n,3,med,med,high
v-high,med,28,r,2,med,med,high
low,small,15,m,3,big,high,med
v-high,small,52,f,5,big,high,med
v-high,small,8,o,2,big,v-high,low
high,big,13,p,3,small,low,med
low,small,67,j,5,big,v-high,low
v-high,small,92,c,2,big,v-high,low
high,big,5,j,5,small,low,med
med,small,98,r,3,big,high,med
high,small,13,k,6+,big,high,med
med,med,22,t,3,med,med,high
high,med,49,j,5,med,med,high
med,med,86,o,2,med,med,high
high,small,13,h,3,big,high,med
v-high,small,4,v,2,big,high,med
high,small,17,u,3,big,v-high,low
med,med,90,i,2,med,med,high
v-high,med,20,p,6+,med,med,high
low,big,23,g,2,small,low,med
low,med,91,i,3,med,med,high
v-high,small,48,u,2,big,v-high,low
v-high,big,68,j,6+,small,low,med
v-high,small,16,h,5,big,high,med
low,med,91,v,6+,med,med,high
med,big,62,u,4,small,low,med
v-high,med,40,s,6+,med,med,high
low,small,15,x,3,big,v-high,low
med,med,14,n,2,med,med,high
med,med,14,i,4,med,med,high
v-high,small,64,h,4,big,high,med
med,small,42,a,6+,big,v-high,low
high,small,41,n,5,big,v-high,low
low,small,31,n,6+,big,v-high,low
v-high,med,60,c,3,med,med,high
v-high,small,84,s,5,big,v-high,low
high,small,17,c,4,big,v-high,low
v-high,small,68,d,3,big,v-high,low
v-high,small,4,s,3,big,v-high,low
v-high,big,64,i,6+,small,low,med
v-high,med,48,g,3,med,med,high
low,med,95,e,2,med,med,high
v-high,small,12,i,5,big,v-high,low
med,med,6,w,2,med,med,high
med,small,58,h,4,big,high,med
v-high,big,12,g,3,small,low,med
low,big,43,j,6+,small,low,med
med,big,42,s,4,small,low,med
v-high,med,84,x,5,med,med,high
v-high,small,24,r,4,big,high,med
med,med,34,v,6+,med,med,high
med,big,2,u,5,small,low,med
v-high,big,48,f,3,small,low,med
high,big,13,m,5,small,low,med
med,small,22,d,5,big,v-high,low
med,small,2,f,3,big,high,med
med,small,2,e,3,big,v-high,low
v-high,med,76,f,3,med,med,high
high,small,65,f,2,big,high,med
v-high,big,56,z,6+,small,low,med
med,small,70,o,2,big,v-high,low
v-high,med,96,o,4,med,med,high
high,small,25,y,3,big,high,med
med,small,46,k,3,big,high,med
v-high,small,60,j,4,big,v-high,low
med,small,42,l,2,big,high,med
med,big,90,l,6+,small,low,med
med,big,74,l,3,small,low,med
v-high,big,44,n,4,small,low,med
med,big,22,p,6+,small,low,med
med,med,18,c,5,med,med,high
high,small,5,u,2,big,v-high,low
v-high,big,52,x,5,small,low,med
high,small,9,i,6+,big,high,med
high,small,57,w,4,big,high,med
v-high,med,4,a,6+,med,med,high
high,med,65,e,3,med,med,high
high,big,5,g,4,small,low,med
med,small,82,a,3,big,high,med
high,small,61,o,5,big,v-high,low
low,small,75,i,2,big,high,med
med,small,2,z,5,big,high,med
low,small,59,g,3,big,high,med
high,small,81,y,5,big,high,med
med,big,2,s,5,small,low,med
v-high,big,12,l,4,small,low,med
v-high,big,68,c,3,small,low,med
high,small,21,e,5,big,v-high,low
med,big,14,c,6+,small,low,med
v-high,small,0,u,6+,big,high,med
med,small,54,a,4,big,v-high,low
med,small,86,f,2,big,v-high,low
med,small,26,a,5,big,v-high,low
low,big,43,e,3,small,low,med
med,small,66,f,2,big,v-high,low
med,small,6,a,5,big,v-high,low
v-high,small,56,l,3,big,v-high,low
v-high,small,96,g,3,big,v-high,low
med,big,58,i,3,small,low,med
high,med,29,f,4,med,med,high
low,small,75,r,5,big,v-high,low
low,small,67,o,3,big,v-high,low
low,big,15,d,6+,small,low,med
med,med,86,m,4,med,med,high
low,small,3,w,3,big,v-high,low
high,big,53,q,6+,small,low,med
high,small,77,c,4,big,high,med
low,big,43,f,5,small,low,med
low,small,3,k,4,big,high,med
v-high,big,92,w,2,small,low,med
high,small,49,m,3,big,high,med
high,small,61,d,4,big,high,med
low,big,83,s,5,small,low,med
high,med,81,n,6+,med,med,high
med,med,66,k,4,med,med,high
med,small,54,j,5,big,high,med
low,med,55,i,5,med,med,high
high,med,61,v,3,med,med,high
v-high,big,20,b,2,small,low,med
high,med,53,f,5,med,med,high
med,small,66,z,6+,big,high,med
low,big,63,z,4,small,low,med
low,big,83,g,4,small,low,med
high,med,25,i,2,med,med,high
v-high,small,24,u,4,big,high,med
low,med,31,i,4,med,med,high
high,small,1,u,3,big,v-high,low
low,small,79,q,4,big,high,med
v-high,small,28,p,5,big,v-high,low
v-high,big,56,q,2,small,low,med
high,big,13,t,2,small,low,med
med,small,18,y,5,big,high,med
low,small,47,v,2,big,high,med
med,small,30,u,6+,big,high,med
high,small,45,m,6+,big,high,med
v-high,med,48,h,2,med,med,high
med,med,62,g,3,med,med,high
v-high,med,80,r,2,med,med,high
high,small,13,a,6+,big,v-high,low
v-high,small,88,v,2,big,high,med
low,big,71,m,6+,small,low,med
v-high,big,92,g,5,small,low,med
high,med,53,e,4,med,med,high
high,small,69,u,6+,big,high,med
med,small,14,h,6+,big,v-high,low
low,small,91,j,3,big,high,med
med,med,10,q,6+,med,med,high
v-high,small,48,o,6+,big,v-high,low
v-high,small,88,q,3,big,high,med
low,small,63,g,4,big,v-high,low
high,small,93,w,6+,big,v-high,low
low,med,91,h,2,med,med,high
high,med,61,u,5,med,med,high
med,big,86,i,4,small,low,med
high,big,5,r,2,small,low,med
v-high,big,88,f,4,small,low,med
v-high,med,0,h,5,med,med,high
high,med,5,c,4,med,med,high
high,small,29,m,2,big,v-high,low
high,med,73,h,4,med,med,high
low,big,67,a,3,small,low,med
high,small,49,p,6+,big,high,med
v-high,small,40,a,5,big,high,med
low,big,19,i,3,small,low,med
v-high,small,36,y,2,big,high,med
v-high,big,24,x,5,small,low,med
high,big,21,c,6+,small,low,med
high,med,53,u,4,med,med,high
med,med,22,b,3,med,med,high
med,small,98,y,3,big,high,med
low,big,31,m,2,small,low,med
low,big,11,q,6+,small,low,med
high,small,81,v,6+,big,v-high,low
v-high,med,48,m,2,med,med,high
v-high,med,44,e,5,med,med,high
high,med,37,f,6+,med,med,high
low,big,27,a,3,small,low,med
high,big,53,x,2,small,low,med
med,big,90,u,4,small,low,med
v-high,med,12,z,2,med,med,high
v-high,small,8,j,4,big,v-high,low
v-high,small,96,y,5,big,high,med
low,small,35,g,6+,big,high,med
v-high,small,92,y,5,big,v-high,low
high,small,1,q,5,big,v-high,low
high,small,89,r,6+,big,v-high,low
med,small,10,i,3,big,v-high,low
low,big,63,c,5,small,low,med
med,small,74,y,5,big,high,med
v-high,med,4,i,6+,med,med,high
v-high,small,0,e,6+,big,high,med
high,small,93,l,2,big,high,med
med,med,54,n,6+,med,med,high
low,big,59,c,3,small,low,med
med,big,6,k,2,small,low,med
high,big,57,z,6+,small,low,med
high,small,73,b,3,big,v-high,low
high,med,93,n,3,med,med,high
med,small,30,w,6+,big,v-high,low
high,small,85,i,4,big,v-high,low
v-high,med,84,k,3,med,med,high
v-high,small,24,t,4,big,high,med
high,small,85,m,6+,big,v-high,low
v-high,med,40,m,2,med,med,high
low,small,91,g,3,big,high,med
v-high,big,52,h,5,small,low,med
v-high,small,76,t,6+,big,v-high,low
low,small,27,w,3,big,high,med
v-high,small,56,u,6+,big,high,med
med,med,18,j,6+,med,med,high
low,big,43,z,5,small,low,med
low,small,71,x,3,big,v-high,low
high,big,65,l,3,small,low,med
low,big,71,a,4,small,low,med
high,big,17,b,3,small,low,med
high,big,89,b,3,small,low,med
med,big,58,s,5,small,low,med
v-high,med,16,e,2,med,med,high
med,small,18,m,2,big,v-high,low
high,med,65,n,2,med,med,high
low,small,7,v,3,big,v-high,low
v-high,med,64,a,6+,med,med,high
med,big,38,q,2,small,low,med
v-high,small,88,d,4,big,high,med
high,big,77,z,2,small,low,med
med,small,74,x,2,big,v-high,low
med,small,6,x,5,big,high,med
med,med,94,u,3,med,med,high
low,med,87,l,4,med,med,high
high,small,9,s,5,big,high,med
med,small,46,c,2,big,high,med
high,big,77,s,5,small,low,med
v-high,small,8,b,5,big,high,med
high,small,25,q,6+,big,high,med
med,big,62,c,4,small,low,med
med,big,42,e,6+,small,low,med
med,small,86,r,3,big,high,med
high,med,33,t,5,med,med,high
med,big,46,x,4,small,low,med
high,small,77,a,3,big,high,med
low,small,35,s,6+,big,high,med
v-high,big,4,r,6+,small,low,med
high,med,57,k,2,med,med,high
v-high,big,8,y,6+,small,low,med
low,med,55,f,4,med,med,high
v-high,small,20,e,3,big,v-high,low
high,med,41,s,5,med,med,high
high,big,33,s,5,small,low,med
v-high,small,16,c,3,big,v-high,low
med,small,26,c,6+,big,high,med
med,small,38,v,5,big,high,med
high,big,17,y,2,small,low,med
v-high,small,0,w,6+,big,high,med
high,small,37,t,2,big,v-high,low
low,big,71,f,2,small,low,med
high,big,33,u,5,small,low,med
high,small,5,x,2,big,v-high,low
low,big,55,u,4,small,low,med
high,big,57,o,3,small,low,med
low,med,7,z,2,med,med,high
high,small,21,n,2,big,v-high,low
high,small,41,r,4,big,high,med
med,small,10,x,3,big,v-high,low
med,med,78,s,5,med,med,high
med,big,98,v,3,small,low,med
high,big,17,o,2,small,low,med
low,small,87,f,3,big,high,med
high,big,77,u,6+,small,low,med
med,med,82,o,4,med,med,high
med,small,22,a,4,big,v-high,low
low,small,83,n,5,big,v-high,low
low,med,47,p,5,med,med,high
high,small,1,o,4,big,v-high,low
low,small,91,y,3,big,high,med
low,med,51,d,4,med,med,high
low,big,51,z,6+,small,low,med
high,small,89,p,5,big,high,med
low,small,23,k,6+,big,v-high,low
high,small,89,i,2,big,v-high,low
low,small,75,m,2,big,v-high,low
med,small,22,h,4,big,high,med
med,med,70,q,4,med,med,high
v-high,big,56,r,2,small,low,med
high,small,29,q,5,big,high,med
v-high,med,8,a,4,med,med,high
low,big,83,i,4,small,low,med
med,small,78,t,4,big,high,med
v-high,small,48,w,5,big,v-high,low
low,small,11,l,6+,big,high,med
high,small,33,b,2,big,v-high,low
v-high,med,64,o,2,med,med,high
high,med,57,t,3,med,med,high
v-high,small,60,d,6+,big,v-high,low
v-high,big,52,e,5,small,low,med
low,small,3,d,6+,big,v-high,low
med,small,58,d,5,big,v-high,low
low,med,79,x,6+,med,med,high
med,small,66,i,5,big,v-high,low
high,small,73,d,5,big,high,med
low,small,91,c,5,big,v-high,low
med,med,18,t,5,med,med,high
low,med,79,n,4,med,med,high
high,med,93,v,3,med,med,high
med,med,46,u,5,med,med,high
low,small,47,r,6+,big,high,med
high,small,37,u,2,big,v-high,low
v-high,small,84,i,2,big,v-high,low
low,big,67,n,2,small,low,med
v-high,small,80,g,3,big,v-high,low
med,small,86,j,2,big,v-high,low
v-high,med,48,j,6+,med,med,high
med,small,70,l,3,big,high,med
high,small,33,j,5,big,v-high,low
low,med,87,n,5,med,med,high
high,small,29,k,5,big,high,med
high,small,89,t,2,big,high,med
v-high,small,64,g,3,big,high,med
med,med,26,e,6+,med,med,high
low,big,43,b,5,small,low,med
low,med,35,m,6+,med,med,high
v-high,med,24,a,6+,med,med,high
high,big,49,t,4,small,low,med
low,big,75,w,3,small,low,med
low,small,15,a,4,big,v-high,low
med,small,22,r,4,big,v-high,low
high,small,81,x,5,big,v-high,low
high,big,93,a,5,small,low,med
low,big,43,v,4,small,low,med
high,big,5,w,3,small,low,med
high,small,33,e,4,big,v-high,low
v-high,small,24,y,2,big,high,med
med,big,94,q,3,small,low,med
med,med,10,d,3,med,med,high
low,small,59,d,2,big,v-high,low
v-high,big,76,x,2,small,low,med
high,med,93,z,3,med,med,high
v-high,big,96,k,3,small,low,med
med,big,74,o,3,small,low,med
med,small,22,k,3,big,high,med
v-high,small,56,m,3,big,high,med
high,small,97,t,4,big,high,med
med,small,30,i,4,big,v-high,low
high,small,33,o,5,big,v-high,low
v-high,big,68,g,4,small,low,med
v-high,small,40,r,5,big,high,med
high,small,1,e,2,big,high,med
med,big,2,l,3,small,low,med
v-high,big,80,k,2,small,low,med
high,big,57,c,5,small,low,med
v-high,small,12,d,5,big,high,med
low,small,23,i,6+,big,v-high,low
v-high,big,28,h,6+,small,low,med
v-high,med,16,o,2,med,med,high
med,big,6,g,3,small,low,med
high,small,65,q,6+,big,v-high,low
low,small,79,w,6+,big,v-high,low
high,big,81,d,3,small,low,med
v-high,big,24,c,6+,small,low,med
low,med,15,w,6+,med,med,high
high,big,97,b,4,small,low,med
med,med,90,a,4,med,med,high
low,small,35,h,5,big,v-high,low
v-high,med,40,e,3,med,med,high
med,small,22,f,4,big,v-high,low
low,small,23,a,2,big,v-high,low
low,small,19,z,2,big,high,med
med,small,2,j,3,big,high,med
high,small,73,g,5,big,high,med
low,small,59,e,2,big,high,med
v-high,big,68,a,5,small,low,med
med,med,6,m,4,med,med,high
v-high,small,4,x,5,big,high,med
v-high,med,36,z,2,med,med,high
high,small,61,f,4,big,v-high,low
low,small,51,i,3,big,v-high,low
low,med,71,t,3,med,med,high
high,med,97,e,4,med,med,high
high,small,77,w,4,big,v-high,low
med,small,94,d,4,big,v-high,low
v-high,med,36,t,5,med,med,high
high,small,21,i,4,big,v-high,low
v-high,med,32,m,3,med,med,high
low,small,63,w,5,big,high,med
high,small,5,f,2,big,v-high,low
high,med,73,o,3,med,med,high
high,small,13,o,6+,big,high,med
high,small,69,i,2,big,high,med
med,med,42,b,5,med,med,high
high,big,89,f,4,small,low,med
high,small,61,c,5,big,v-high,low
low,small,83,o,6+,big,high,med
high,small,5,o,6+,big,v-high,low
med,small,50,f,5,big,high,med
low,small,51,m,5,big,high,med
high,med,25,c,5,med,med,high
low,small,67,i,2,big,high,med
med,small,14,p,4,big,v-high,low
low,small,79,v,3,big,high,med
low,med,55,h,6+,med,med,high
low,med,83,f,2,med,med,high
high,small,57,b,3,big,v-high,low
low,small,15,v,6+,big,v-high,low
med,small,42,t,5,big,v-high,low
high,med,29,s,6+,med,med,high
med,big,54,p,6+,small,low,med
low,small,27,t,2,big,v-high,low
high,small,41,b,4,big,v-high,low
v-high,med,24,n,4,med,med,high
low,small,15,j,5,big,v-high,low
high,big,13,r,5,small,low,med
high,big,37,d,6+,small,low,med
low,med,23,d,5,med,med,high
high,small,57,q,6+,big,v-high,low
v-high,med,68,f,3,med,med,high
low,small,91,m,5,big,high,med
v-high,small,68,k,6+,big,v-high,low
med,small,26,f,6+,big,v-high,low
v-high,med,44,w,3,med,med,high
low,big,95,s,3,small,low,med
v-high,big,12,w,6+,small,low,med
low,small,27,n,3,big,v-high,low
low,big,47,g,6+,small,low,med
med,med,42,j,5,med,med,high
low,med,87,d,5,med,med,high
v-high,big,16,n,2,small,low,med
v-high,small,24,g,2,big,v-high,low
v-high,big,0,o,4,small,low,med
v-high,big,84,t,5,small,low,med
low,small,31,j,2,big,v-high,low
high,small,69,a,4,big,v-high,low
high,med,69,e,4,med,med,high
v-high,med,36,p,6+,med,med,high
high,big,29,d,4,small,low,med
v-high,med,36,a,5,med,med,high
high,big,17,d,2,small,low,med
low,small,51,j,4,big,v-high,low
low,small,19,s,3,big,v-high,low
high,small,1,v,6+,big,v-high,low
low,med,71,v,2,med,med,high
med,med,22,l,3,med,med,high
v-high,small,44,k,5,big,high,med
high,med,61,p,4,med,med,high
high,small,21,a,4,big,high,med
v-high,small,28,j,5,big,v-high,low
med,small,86,s,6+,big,high,med
low,small,7,f,5,big,v-high,low
low,small,91,x,4,big,high,med
low,small,83,t,6+,big,high,med
low,big,75,d,2,small,low,med
high,big,1,r,5,small,low,med
high,med,57,p,4,med,med,high
high,big,89,m,3,small,low,med
v-high,small,68,l,6+,big,v-high,low
med,small,90,g,5,big,high,med
low,big,83,v,6+,small,low,med
med,big,18,g,6+,small,low,med
med,med,34,o,3,med,med,high
v-high,med,4,u,3,med,med,high
v-high,small,44,s,4,big,v-high,low
med,med,58,j,4,med,med,high
v-high,med,20,i,4,med,med,high
high,small,37,y,3,big,high,med
high,small,85,j,3,big,v-high,low
v-high,small,8,w,2,big,high,med
high,big,69,v,6+,small,low,med
high,small,53,w,3,big,high,med
med,big,82,r,2,small,low,med
v-high,med,96,n,4,med,med,high
v-high,small,16,t,2,big,high,med
v-high,med,84,j,4,med,med,high
v-high,small,8,q,2,big,v-high,low
high,med,93,f,6+,med,med,high
v-high,med,52,n,3,med,med,high
med,small,82,g,6+,big,v-high,low
med,small,82,e,6+,big,high,med
med,big,70,f,5,small,low,med
v-high,small,76,v,6+,big,v-high,low
v-high,med,28,z,3,med,med,high
low,small,31,w,3,big,high,med
high,big,97,f,2,small,low,med
v-high,big,40,k,6+,small,low,med
high,small,77,r,5,big,high,med
med,med,54,v,2,med,med,high
high,small,93,c,6+,big,v-high,low
med,small,54,w,2,big,v-high,low
v-high,med,28,t,4,med,med,high
low,big,75,a,5,small,low,med
high,small,61,r,6+,big,v-high,low
v-high,small,60,m,2,big,high,med
low,big,3,a,3,small,low,med
med,big,98,e,3,small,low,med
high,small,1,a,3,big,v-high,low
high,med,53,p,4,med,med,high
high,small,61,b,3,big,v-high,low
high,big,41,u,3,small,low,med
med,big,66,v,5,small,low,med
high,med,89,c,6+,med,med,high
high,med,13,d,4,med,med,high
v-high,med,76,p,5,med,med,high
v-high,med,76,i,2,med,med,high
med,big,2,m,6+,small,low,med
high,med,65,o,5,med,med,high
high,small,81,k,5,big,v-high,low
med,big,34,n,6+,small,low,med
low,big,59,f,3,small,low,med
med,small,58,p,2,big,high,med
low,small,95,b,2,big,high,med
high,small,65,c,3,big,high,med
low,big,71,k,5,small,low,med
v-high,small,8,m,3,big,v-high,low
med,med,30,r,3,med,med,high
high,big,85,n,3,small,low,med
v-high,small,40,v,4,big,v-high,low
v-high,small,32,j,3,big,v-high,low
med,big,50,e,6+,small,low,med
med,big,22,v,3,small,low,med
high,big,49,k,5,small,low,med
low,small,95,d,2,big,v-high,low
v-high,small,20,h,6+,big,high,med
high,med,97,l,2,med,med,high
med,med,58,v,5,med,med,high
med,small,42,g,3,big,v-high,low
low,med,75,j,5,med,med,high
v-high,med,44,j,5,med,med,high
high,small,1,d,3,big,high,med
v-high,big,16,a,6+,small,low,med
v-high,med,0,y,2,med,med,high
high,small,85,x,5,big,high,med
high,small,97,s,3,big,v-high,low
med,med,62,j,4,med,med,high
med,med,54,m,5,med,med,high
v-high,small,64,q,6+,big,high,med
v-high,big,60,e,5,small,low,med
high,small,77,f,3,big,v-high,low
med,big,74,c,3,small,low,med
med,small,66,c,4,big,v-high,low
med,small,38,e,5,big,high,med
v-high,small,80,c,5,big,v-high,low
v-high,small,92,k,4,big,high,med
med,small,70,m,5,big,v-high,low
high,med,77,m,3,med,med,high
med,med,10,a,2,med,med,high
v-high,small,96,b,5,big,high,med
v-high,small,56,p,4,big,high,med
v-high,small,68,b,3,big,v-high,low
v-high,big,32,q,6+,small,low,med
v-high,small,96,c,3,big,high,med
low,small,15,c,4,big,v-high,low
v-high,small,4,o,2,big,v-high,low
low,big,11,i,2,small,low,med
med,small,98,w,3,big,high,med
med,med,86,v,3,med,med,high
high,small,13,g,3,big,high,med
low,med,39,a,2,med,med,high
low,small,31,l,3,big,v-high,low
high,med,49,h,6+,med,med,high
v-high,med,80,j,6+,med,med,high
low,small,59,z,2,big,v-high,low
med,small,50,v,6+,big,v-high,low
med,big,18,s,3,small,low,med
high,med,97,r,4,med,med,high
med,small,2,x,2,big,high,med
high,med,17,j,3,med,med,high
low,big,19,e,4,small,low,med
v-high,small,4,q,4,big,v-high,low
low,small,55,l,3,big,high,med
v-high,big,60,q,5,small,low,med
med,big,62,n,4,small,low,med
v-high,med,36,v,6+,med,med,high
high,med,9,m,6+,med,med,high
high,small,53,s,3,big,high,med
high,small,85,f,2,big,v-high,low
high,med,45,z,5,med,med,high
med,big,34,p,2,small,low,med
v-high,big,16,v,4,small,low,med
high,med,33,k,6+,med,med,high
med,small,70,a,6+,big,v-high,low
med,small,6,f,5,big,v-high,low
v-high,small,4,c,6+,big,high,med
med,small,78,w,2,big,v-high,low
high,big,1,j,6+,small,low,med
low,small,55,c,5,big,high,med
med,big,26,x,3,small,low,med
high,med,93,i,6+,med,med,high
high,big,81,i,6+,small,low,med
high,big,81,z,6+,small,low,med
low,small,19,w,6+,big,v-high,low
high,small,85,k,5,big,high,med
low,med,27,u,5,med,med,high
low,med,47,j,5,med,med,high
low,small,31,b,4,big,high,med
med,med,58,n,5,med,med,high
med,small,30,z,3,big,high,med
med,small,10,y,6+,big,high,med
high,small,85,w,3,big,high,med
med,small,54,z,2,big,v-high,low
high,big,73,c,4,small,low,med
v-high,small,40,u,4,big,high,med
high,small,37,a,4,big,v-high,low
med,small,62,r,2,big,high,med
low,med,35,t,2,med,med,high
v-high,med,0,z,5,med,med,high
v-high,small,64,n,3,big,v-high,low
high,small,65,w,2,big,high,med
high,small,65,i,3,big,high,med
v-high,small,20,m,6+,big,v-high,low
med,big,26,n,6+,small,low,med
low,big,91,f,3,small,low,med
low,small,79,r,5,big,high,med
v-high,small,56,h,5,big,v-high,low
low,med,23,l,6+,med,med,high
low,big,71,y,2,small,low,med
v-high,big,72,m,5,small,low,med
med,big,74,r,2,small,low,med
v-high,med,16,l,4,med,med,high
high,med,13,b,5,med,med,high
v-high,small,0,x,5,big,v-high,low
low,small,19,y,4,big,v-high,low
med,small,86,a,2,big,high,med
high,small,21,o,4,big,v-high,low
v-high,small,64,y,6+,big,high,med
med,small,66,l,3,big,v-high,low
high,big,45,e,2,small,low,med
low,small,27,h,4,big,v-high,low
low,med,11,n,5,med,med,high
low,med,39,v,6+,med,med,high
v-high,med,64,x,6+,med,med,high
high,big,1,l,6+,small,low,med
high,med,45,i,5,med,med,high
high,small,1,b,3,big,high,med
med,small,90,z,2,big,high,med
v-high,med,84,u,6+,med,med,high
med,small,2,d,4,big,v-high,low
med,small,74,w,3,big,high,med
low,small,19,v,4,big,high,med
high,small,45,s,5,big,high,med
med,small,90,y,2,big,v-high,low
v-high,big,88,e,4,small,low,med
v-high,med,44,f,6+,med,med,high
med,big,2,y,3,small,low,med
high,small,13,n,2,big,v-high,low
med,med,26,j,5,med,med,high
low,small,79,s,6+,big,high,med
v-high,big,52,o,5,small,low,med
med,small,26,v,2,big,v-high,low
med,big,14,m,3,small,low,med
med,small,94,t,6+,big,v-high,low
v-high,small,44,x,3,big,high,med
med,big,50,y,3,small,low,med
med,big,50,q,5,small,low,med
low,big,91,b,3,small,low,med
low,small,35,k,6+,big,v-high,low
med,big,18,o,3,small,low,med
low,small,15,i,3,big,v-high,low
low,small,55,e,3,big,v-high,low
high,med,85,s,5,med,med,high
v-high,med,40,o,2,med,med,high
low,small,31,q,6+,big,v-high,low
low,big,15,h,4,small,low,med
high,small,25,o,6+,big,high,med
high,small,45,u,2,big,v-high,low
med,small,66,x,6+,big,v-high,low
v-high,med,0,p,6+,med,med,high
high,small,1,k,4,big,high,med
med,big,74,f,3,small,low,med
med,small,18,e,4,big,high,med
v-high,big,32,z,5,small,low,med
high,small,89,n,5,big,high,med
high,small,93,j,5,big,high,med
high,small,89,x,3,big,v-high,low
low,small,47,f,2,big,v-high,low
v-high,small,72,s,2,big,high,med
high,big,57,l,3,small,low,med
med,small,62,w,2,big,high,med
v-high,small,64,p,2,big,high,med
med,small,26,b,2,big,v-high,low
low,small,83,d,2,big,high,med
low,med,59,b,4,med,med,high
low,small,63,d,2,big,high,med
high,med,69,l,6+,med,med,high
high,big,21,t,5,small,low,med
v-high,small,40,b,6+,big,v-high,low
low,med,59,i,6+,med,med,high
low,small,63,a,3,big,v-high,low
high,big,57,s,4,small,low,med
high,small,61,k,3,big,v-high,low
high,small,73,t,4,big,high,med
high,med,1,n,5,med,med,high
high,small,53,y,3,big,v-high,low
med,big,2,h,6+,small,low,med
med,small,10,s,2,big,high,med
low,small,31,g,6+,big,v-high,low
high,small,65,u,3,big,high,med
low,small,67,u,6+,big,v-high,low
v-high,small,28,a,4,big,high,med
high,small,5,b,5,big,v-high,low
low,med,11,r,4,med,med,high
med,small,46,y,6+,big,v-high,low
high,small,65,y,4,big,v-high,low
low,big,23,t,3,small,low,med
high,small,29,r,6+,big,high,med
v-high,small,52,y,3,big,high,med
low,big,15,b,4,small,low,med
v-high,small,8,g,5,big,high,med
v-high,small,52,d,3,big,v-high,low
high,big,97,k,3,small,low,med
low,big,75,n,4,small,low,med
high,small,69,d,2,big,v-high,low
low,big,51,h,6+,small,low,med
v-high,small,4,b,5,big,v-high,low
low,med,55,m,3,med,med,high
low,med,91,z,4,med,med,high
high,small,49,f,6+,big,high,med
low,small,83,a,4,big,v-high,low
v-high,med,8,e,6+,med,med,high
high,small,37,o,5,big,high,med
med,small,74,u,2,big,v-high,low
high,med,69,s,4,med,med,high
low,small,51,y,6+,big,v-high,low
high,med,41,v,3,med,med,high
low,big,27,s,6+,small,low,med
low,med,15,k,4,med,med,high
high,med,81,m,6+,med,med,high
med,small,94,z,4,big,high,med
v-high,med,4,k,6+,med,med,high
v-high,small,52,s,5,big,high,med
med,med,98,g,6+,med,med,high
high,big,73,y,6+,small,low,med
med,med,26,d,5,med,med,high
high,small,45,o,4,big,high,med
v-high,small,36,w,2,big,v-high,low
v-high,small,44,l,5,big,v-high,low
high,small,17,r,4,big,high,med
med,big,38,b,2,small,low,med
low,small,63,t,3,big,high,med
low,small,3,g,6+,big,v-high,low
med,small,50,c,6+,big,v-high,low
med,small,54,q,5,big,v-high,low
med,small,30,k,6+,big,v-high,low
high,big,9,f,5,small,low,med
low,med,11,t,3,med,med,high
high,small,69,j,2,big,high,med
v-high,small,64,e,6+,big,high,med
low,med,7,p,4,med,med,high
med,small,2,t,4,big,high,med
low,small,43,p,3,big,high,med
med,big,90,v,2,small,low,med
v-high,big,92,i,5,small,low,med
med,big,58,t,5,small,low,med
low,med,27,k,2,med,med,high
v-high,small,96,d,2,big,v-high,low
med,med,62,t,5,med,med,high
high,med,13,c,2,med,med,high
med,small,46,i,6+,big,v-high,low
v-high,big,32,g,5,small,low,med
low,small,31,r,6+,big,high,med
v-high,small,44,b,2,big,v-high,low
low,med,39,z,6+,med,med,high
low,small,3,r,6+,big,high,med
high,big,1,x,6+,small,low,med
low,med,43,u,5,med,med,high
med,small,10,t,4,big,v-high,low
low,small,31,x,3,big,high,med
high,small,41,t,5,big,v-high,low
high,med,25,e,3,med,med,high
low,small,79,u,6+,big,high,med
low,small,31,y,5,big,high,med
low,small,59,w,4,big,high,med
high,med,29,g,6+,med,med,high
low,small,19,b,6+,big,high,med
v-high,med,16,b,3,med,med,high
v-high,big,84,w,6+,small,low,med
med,small,98,z,4,big,high,med
v-high,small,72,h,5,big,high,med
high,big,61,z,6+,small,low,med
med,small,62,z,2,big,high,med
v-high,big,16,d,6+,small,low,med
high,big,89,q,6+,small,low,med
low,med,71,p,3,med,med,high
low,small,19,l,4,big,v-high,low
low,med,19,o,4,med,med,high
med,med,34,s,2,med,med,high
low,small,7,l,6+,big,high,med
low,big,11,p,4,small,low,med
low,small,7,j,5,big,high,med
v-high,small,24,e,5,big,high,med
low,med,51,k,6+,med,med,high
high,med,17,m,2,med,med,high
low,small,95,u,5,big,v-high,low
med,med,6,y,5,med,med,high
v-high,small,0,d,3,big,v-high,low
v-high,small,92,p,5,big,high,med
med,big,70,n,3,small,low,med
med,big,86,y,4,small,low,med
low,big,91,r,5,small,low,med
med,med,38,y,3,med,med,high
med,small,46,m,6+,big,v-high,low
v-high,small,92,o,2,big,high,med
low,med,47,q,3,med,med,high
low,small,35,v,5,big,high,med
v-high,small,60,f,6+,big,v-high,low
high,med,1,y,2,med,med,high
v-high,big,28,g,5,small,low,med
low,small,27,l,4,big,high,med
v-high,small,32,h,4,big,v-high,low
v-high,big,8,p,5,small,low,med
med,big,54,i,2,small,low,med
med,small,62,v,3,big,v-high,low
v-high,med,16,g,3,med,med,high
med,big,50,u,2,small,low,med
v-high,big,76,h,6+,small,low,med
med,small,14,l,2,big,v-high,low
high,big,37,w,6+,small,low,med
high,med,85,a,6+,med,med,high
high,small,17,q,3,big,v-high,low
low,big,15,n,2,small,low,med
v-high,small,68,s,3,big,high,med
v-high,small,76,l,2,big,v-high,low
med,big,26,o,3,small,low,med
low,small,55,g,6+,big,high,med
v-high,med,24,o,6+,med,med,high
v-high,big,72,a,4,small,low,med
v-high,small,92,s,5,big,v-high,low
low,small,87,v,4,big,high,med
high,big,21,x,3,small,low,med
low,big,67,s,3,small,low,med
v-high,big,4,j,2,small,low,med
med,med,62,p,5,med,med,high
v-high,small,52,t,3,big,v-high,low
high,big,1,s,6+,small,low,med
v-high,small,68,n,3,big,v-high,low
med,big,58,r,3,small,low,med
med,small,6,u,2,big,high,med
med,big,98,s,2,small,low,med
high,small,25,w,2,big,high,med
high,med,17,t,2,med,med,high
med,small,54,u,6+,big,v-high,low
low,small,35,b,4,big,high,med
high,small,37,c,2,big,v-high,low
med,small,34,r,2,big,v-high,low
low,small,59,p,6+,big,v-high,low
v-high,big,60,t,4,small,low,med
v-high,big,12,y,3,small,low,med
v-high,small,40,c,6+,big,high,med
v-high,small,32,a,6+,big,high,med
v-high,small,0,l,4,big,high,med
med,med,42,m,6+,med,med,high
low,big,79,l,2,small,low,med
high,small,45,n,4,big,v-high,low
high,small,33,h,3,big,high,med
high,small,33,d,4,big,v-high,low
v-high,small,20,k,6+,big,high,med
low,small,39,h,6+,big,high,med
v-high,small,8,i,3,big,high,med
med,small,66,y,5,big,v-high,low
med,small,98,t,2,big,high,med
high,big,65,b,3,small,low,med
high,big,33,r,3,small,low,med
high,small,53,t,3,big,v-high,low
med,big,42,o,3,small,low,med
high,small,69,z,6+,big,v-high,low
v-high,small,68,w,3,big,v-high,low
med,med,34,i,3,med,med,high
v-high,big,72,d,2,small,low,med
low,small,31,f,3,big,high,med
high,small,25,m,4,big,v-high,low
med,med,42,p,2,med,med,high
high,small,37,j,3,big,high,med
low,big,23,z,5,small,low,med
med,med,14,d,2,med,med,high
high,small,77,t,4,big,v-high,low
med,med,62,s,4,med,med,high
low,big,11,e,6+,small,low,med
med,big,70,e,4,small,low,med
med,med,34,z,2,med,med,high
v-high,small,32,n,5,big,v-high,low
high,big,33,i,2,small,low,med
high,med,9,w,4,med,med,high
high,big,57,f,2,small,low,med
high,med,5,v,3,med,med,high
high,med,13,i,5,med,med,high
low,big,7,k,3,small,low,med
v-high,big,52,c,2,small,low,med
low,small,15,o,3,big,v-high,low
low,small,71,s,3,big,v-high,low
high,small,81,u,4,big,high,med
v-high,small,84,l,5,big,v-high,low
high,small,17,e,4,big,high,med
high,med,25,b,6+,med,med,high
med,med,98,u,4,med,med,high
med,med,26,s,3,med,med,high
high,small,45,v,3,big,high,med
v-high,med,28,w,5,med,med,high
high,big,97,d,6+,small,low,med
v-high,med,84,o,6+,med,med,high
high,med,1,p,3,med,med,high
high,small,41,d,4,big,v-high,low
high,small,49,b,4,big,v-high,low
med,big,94,y,2,small,low,med
low,small,7,s,5,big,high,med
med,big,18,u,6+,small,low,med
med,big,34,f,2,small,low,med
high,small,37,e,4,big,v-high,low
med,small,98,f,6+,big,high,med
v-high,big,76,c,3,small,low,med
high,med,41,h,5,med,med,high
med,small,90,n,2,big,v-high,low
high,med,9,x,2,med,med,high
high,med,13,f,5,med,med,high
v-high,med,0,i,2,med,med,high
low,big,71,q,4,small,low,med
low,big,95,t,4,small,low,med
v-high,med,68,m,4,med,med,high
high,small,73,k,4,big,high,med
low,small,67,f,5,big,high,med
high,med,57,e,5,med,med,high
v-high,small,76,y,4,big,v-high,low
med,med,54,s,4,med,med,high
high,med,41,i,2,med,med,high
low,small,87,p,6+,big,v-high,low
v-high,med,88,b,5,med,med,high
med,small,34,c,3,big,v-high,low
med,big,26,i,4,small,low,med
high,small,73,z,4,big,high,med
high,small,81,w,6+,big,high,med
v-high,small,84,g,6+,big,v-high,low
low,small,55,p,4,big,high,med
v-high,small,44,m,2,big,high,med
high,big,33,y,5,small,low,med
med,small,6,e,3,big,high,med
med,big,6,h,6+,small,low,med
med,small,22,i,5,big,high,med
low,med,75,z,6+,med,med,high
v-high,big,96,x,5,small,low,med
high,small,37,x,3,big,high,med
v-high,small,0,j,4,big,v-high,low
low,med,11,f,4,med,med,high
low,small,11,h,3,big,high,med
med,med,26,k,6+,med,med,high
med,small,82,l,4,big,v-high,low
high,small,5,e,4,big,v-high,low
v-high,small,32,s,4,big,v-high,low
high,med,25,j,6+,med,med,high
v-high,big,84,m,3,small,low,med
high,small,97,y,2,big,high,med
med,small,82,n,5,big,v-high,low
med,med,34,x,4,med,med,high
low,med,67,r,3,med,med,high
v-high,med,28,o,5,med,med,high
med,med,58,y,2,med,med,high
v-high,big,92,a,3,small,low,med
med,med,98,p,3,med,med,high
med,small,66,s,6+,big,high,med
low,small,39,o,6+,big,high,med
low,big,15,s,4,small,low,med
v-high,med,20,l,4,med,med,high
high,big,29,e,2,small,low,med
v-high,med,36,m,4,med,med,high
med,big,86,n,3,small,low,med
low,med,67,b,6+,med,med,high
v-high,small,44,h,6+,big,high,med
med,small,30,m,5,big,high,med
v-high,small,68,x,3,big,v-high,low
low,small,95,n,4,big,high,med
v-high,big,84,r,3,small,low,med
high,small,13,v,4,big,v-high,low
high,small,85,c,2,big,v-high,low
v-high,small,8,f,5,big,high,med
med,small,58,u,3,big,high,med
low,med,35,n,2,med,med,high
v-high,med,40,y,2,med,med,high
low,small,35,a,6+,big,high,med
v-high,small,36,q,4,big,v-high,low
high,med,49,u,2,med,med,high
low,small,71,g,4,big,v-high,low
low,big,7,n,3,small,low,med
low,small,27,e,5,big,high,med
high,med,29,w,2,med,med,high
low,big,87,z,5,small,low,med
med,small,42,x,5,big,v-high,low
v-high,small,36,d,6+,big,high,med
high,small,69,h,6+,big,v-high,low
v-high,small,56,w,6+,big,high,med
med,small,78,u,4,big,v-high,low
low,med,39,r,4,med,med,high
low,small,3,v,5,big,high,med
low,big,95,p,3,small,low,med
v-high,big,24,d,6+,small,low,med
high,small,37,z,2,big,v-high,low
v-high,small,72,e,5,big,v-high,low
v-high,small,12,n,3,big,v-high,low
high,big,49,n,5,small,low,med
v-high,med,80,b,5,med,med,high
low,small,51,o,5,big,v-high,low
high,small,17,z,5,big,high,med
med,small,22,n,2,big,v-high,low
med,med,90,d,6+,med,med,high
v-high,small,96,h,6+,big,v-high,low
v-high,med,96,s,3,med,med,high
med,med,62,l,3,med,med,high
med,big,38,u,3,small,low,med
low,med,27,x,3,med,med,high
v-high,med,60,a,2,med,med,high
v-high,med,48,a,2,med,med,high
low,small,43,h,2,big,high,med
low,small,39,n,3,big,v-high,low
med,med,34,m,6+,med,med,high
v-high,small,44,c,6+,big,v-high,low
low,small,19,k,6+,big,high,med
low,big,11,z,4,small,low,med
v-high,big,40,t,6+,small,low,med
med,med,6,z,6+,med,med,high
v-high,small,20,n,2,big,v-high,low
high,small,53,d,3,big,high,med
med,small,70,c,4,big,v-high,low
v-high,big,32,v,4,small,low,med
med,small,70,r,2,big,v-high,low
low,small,39,c,4,big,v-high,low
v-high,big,20,y,6+,small,low,med
v-high,small,68,i,4,big,v-high,low
high,small,89,w,6+,big,v-high,low
high,small,13,j,6+,big,high,med
v-high,small,24,b,6+,big,v-high,low
high,small,33,g,2,big,high,med
med,small,70,h,4,big,high,med
med,big,70,k,3,small,low,med
high,small,53,l,6+,big,high,med
low,big,39,b,2,small,low,med
v-high,med,8,x,4,med,med,high
med,small,10,r,2,big,high,med
high,big,61,m,2,small,low,med
v-high,med,52,p,4,med,med,high
high,small,45,x,4,big,high,med
low,small,67,z,5,big,v-high,low
high,med,65,v,5,med,med,high
low,small,95,a,4,big,high,med
low,small,55,n,6+,big,high,med
low,med,27,i,6+,med,med,high
v-high,small,88,p,6+,big,high,med
med,small,74,e,2,big,v-high,low
med,small,46,v,6+,big,high,med
high,med,1,z,6+,med,med,high